trial_0.jpg,fish,piano,piano,layercake
trial_1.jpg,doorknob,chair,doorknob,car
trial_2.jpg,stapler,motorcycle,handgun,heavycannon
trial_3.jpg,guitar,chair,car,heavycannon
trial_4.jpg,fish,piano,fish,stapler
trial_5.jpg,handgun,doorknob,sailboat,donut
trial_6.jpg,motorcycle,trafficcone,car,motorcycle
trial_7.jpg,chair,donut,tablelamp,trafficcone
trial_8.jpg,heavycannon,person,guitar,person
trial_9.jpg,person,guitar,sailboat,doorknob
trial_10.jpg,car,slrcamera,chair,handgun
trial_11.jpg,handgun,donut,guitar,layercake
trial_12.jpg,motorcycle,chair,elephant,piano
trial_13.jpg,elephant,fish,piano,banana
trial_14.jpg,elephant,handgun,trafficcone,layercake
trial_15.jpg,donut,trex,elephant,fish
trial_16.jpg,stapler,fish,fish,piano
trial_17.jpg,handgun,donut,sailboat,piano
trial_18.jpg,trex,motorcycle,person,guitar
trial_19.jpg,trex,banana,donut,layercake
trial_20.jpg,slrcamera,doorknob,donut,handgun
trial_21.jpg,fish,slrcamera,handgun,fish
trial_22.jpg,handgun,donut,trafficcone,heavycannon
trial_23.jpg,sailboat,trex,guitar,elephant
trial_24.jpg,handgun,chair,chair,banana
trial_25.jpg,piano,slrcamera,elephant,chair
trial_26.jpg,guitar,person,trex,slrcamera
trial_27.jpg,person,tablelamp,banana,heavycannon
trial_28.jpg,tablelamp,person,guitar,donut
trial_29.jpg,stapler,heavycannon,trafficcone,person
trial_30.jpg,donut,handgun,layercake,doorknob
trial_31.jpg,stapler,sailboat,fish,elephant
trial_32.jpg,elephant,piano,tablelamp,handgun
trial_33.jpg,fish,elephant,stapler,layercake
trial_34.jpg,chair,handgun,motorcycle,fish
trial_35.jpg,trex,layercake,donut,tablelamp
trial_36.jpg,trex,slrcamera,stapler,heavycannon
trial_37.jpg,tablelamp,person,sailboat,doorknob
trial_38.jpg,guitar,chair,piano,fish
trial_39.jpg,stapler,car,trafficcone,handgun
trial_40.jpg,person,banana,motorcycle,car
trial_41.jpg,person,stapler,sailboat,trex
trial_42.jpg,layercake,car,banana,trex
trial_43.jpg,layercake,trafficcone,guitar,trafficcone
trial_44.jpg,slrcamera,fish,elephant,banana
trial_45.jpg,tablelamp,motorcycle,piano,slrcamera
trial_46.jpg,handgun,doorknob,slrcamera,heavycannon
trial_47.jpg,doorknob,fish,guitar,person
trial_48.jpg,piano,elephant,trex,handgun
trial_49.jpg,donut,sailboat,fish,elephant
trial_50.jpg,piano,chair,layercake,trex
trial_51.jpg,person,guitar,chair,layercake
trial_52.jpg,trafficcone,layercake,motorcycle,person
trial_53.jpg,slrcamera,car,trex,layercake
trial_54.jpg,donut,heavycannon,slrcamera,fish
trial_55.jpg,elephant,handgun,car,stapler
trial_56.jpg,sailboat,guitar,sailboat,trex
trial_57.jpg,trex,fish,layercake,sailboat
trial_58.jpg,layercake,trex,piano,stapler
trial_59.jpg,donut,doorknob,doorknob,trafficcone
trial_60.jpg,tablelamp,guitar,banana,tablelamp
trial_61.jpg,guitar,person,guitar,chair
trial_62.jpg,sailboat,tablelamp,layercake,sailboat
trial_63.jpg,person,handgun,tablelamp,guitar
trial_64.jpg,heavycannon,motorcycle,car,piano
trial_65.jpg,layercake,trafficcone,stapler,fish
trial_66.jpg,car,stapler,heavycannon,trafficcone
trial_67.jpg,layercake,trex,layercake,donut
trial_68.jpg,motorcycle,doorknob,chair,handgun
trial_69.jpg,trafficcone,elephant,donut,doorknob
trial_70.jpg,piano,fish,car,banana
trial_71.jpg,motorcycle,guitar,trex,banana
trial_72.jpg,layercake,person,tablelamp,guitar
trial_73.jpg,sailboat,trex,fish,sailboat
trial_74.jpg,tablelamp,trex,donut,doorknob
trial_75.jpg,chair,handgun,stapler,slrcamera
trial_76.jpg,piano,heavycannon,tablelamp,person
trial_77.jpg,slrcamera,sailboat,fish,piano
trial_78.jpg,trafficcone,banana,trafficcone,stapler
trial_79.jpg,fish,chair,car,motorcycle
trial_80.jpg,car,motorcycle,tablelamp,banana
trial_81.jpg,car,heavycannon,heavycannon,layercake
trial_82.jpg,guitar,car,elephant,slrcamera
trial_83.jpg,doorknob,piano,stapler,heavycannon
trial_84.jpg,trafficcone,banana,motorcycle,trex
trial_85.jpg,heavycannon,motorcycle,elephant,person
trial_86.jpg,stapler,car,guitar,motorcycle
trial_87.jpg,layercake,trafficcone,fish,heavycannon
trial_88.jpg,car,piano,piano,slrcamera
trial_89.jpg,tablelamp,guitar,slrcamera,trafficcone
trial_90.jpg,tablelamp,banana,slrcamera,fish
trial_91.jpg,guitar,person,donut,trex
trial_92.jpg,piano,elephant,elephant,stapler
trial_93.jpg,person,handgun,slrcamera,fish
trial_94.jpg,chair,doorknob,motorcycle,piano
trial_95.jpg,banana,person,trafficcone,layercake
trial_96.jpg,person,guitar,car,trex
trial_97.jpg,chair,doorknob,handgun,guitar
trial_98.jpg,slrcamera,piano,doorknob,trafficcone
trial_99.jpg,tablelamp,sailboat,donut,handgun
trial_100.jpg,fish,donut,elephant,piano
trial_101.jpg,heavycannon,slrcamera,fish,elephant
trial_102.jpg,donut,doorknob,elephant,chair
trial_103.jpg,layercake,trafficcone,layercake,stapler
trial_104.jpg,handgun,slrcamera,donut,handgun
trial_105.jpg,stapler,banana,slrcamera,piano
trial_106.jpg,handgun,chair,trafficcone,elephant
trial_107.jpg,chair,donut,guitar,fish
trial_108.jpg,donut,chair,car,person
trial_109.jpg,piano,layercake,elephant,slrcamera
trial_110.jpg,trex,layercake,sailboat,donut
trial_111.jpg,heavycannon,motorcycle,doorknob,trex
trial_112.jpg,trex,banana,heavycannon,tablelamp
trial_113.jpg,chair,motorcycle,guitar,person
trial_114.jpg,donut,handgun,car,donut
trial_115.jpg,tablelamp,trafficcone,trafficcone,layercake
trial_116.jpg,trex,banana,heavycannon,doorknob
trial_117.jpg,slrcamera,guitar,sailboat,layercake
trial_118.jpg,piano,fish,chair,stapler
trial_119.jpg,piano,banana,guitar,person
trial_120.jpg,handgun,layercake,slrcamera,piano
trial_121.jpg,tablelamp,guitar,person,motorcycle
trial_122.jpg,trafficcone,handgun,elephant,piano
trial_123.jpg,layercake,trex,elephant,chair
trial_124.jpg,motorcycle,stapler,sailboat,tablelamp
trial_125.jpg,layercake,donut,person,guitar
trial_126.jpg,tablelamp,person,piano,car
trial_127.jpg,trex,doorknob,trex,banana
trial_128.jpg,banana,trex,fish,person
trial_129.jpg,tablelamp,person,stapler,guitar
trial_130.jpg,slrcamera,banana,slrcamera,piano
trial_131.jpg,elephant,motorcycle,guitar,tablelamp
trial_132.jpg,sailboat,banana,piano,layercake
trial_133.jpg,handgun,trafficcone,stapler,motorcycle
trial_134.jpg,stapler,heavycannon,sailboat,tablelamp
trial_135.jpg,doorknob,handgun,banana,doorknob
trial_136.jpg,fish,trex,tablelamp,person
trial_137.jpg,guitar,chair,doorknob,chair
trial_138.jpg,car,slrcamera,slrcamera,elephant
trial_139.jpg,donut,person,chair,doorknob
trial_140.jpg,car,banana,fish,slrcamera
trial_141.jpg,piano,layercake,layercake,trafficcone
trial_142.jpg,elephant,piano,tablelamp,heavycannon
trial_143.jpg,person,trafficcone,elephant,piano
trial_144.jpg,handgun,fish,trafficcone,banana
trial_145.jpg,stapler,elephant,stapler,heavycannon
trial_146.jpg,sailboat,motorcycle,stapler,heavycannon
trial_147.jpg,guitar,trex,fish,slrcamera
trial_148.jpg,tablelamp,person,donut,slrcamera
trial_149.jpg,car,trex,banana,trafficcone
trial_150.jpg,trex,sailboat,piano,handgun
trial_151.jpg,chair,motorcycle,layercake,trex
trial_152.jpg,person,donut,chair,doorknob
trial_153.jpg,person,guitar,fish,heavycannon
trial_154.jpg,layercake,elephant,doorknob,chair
trial_155.jpg,motorcycle,car,slrcamera,sailboat
trial_156.jpg,fish,elephant,trafficcone,doorknob
trial_157.jpg,car,stapler,banana,stapler
trial_158.jpg,sailboat,banana,stapler,layercake
trial_159.jpg,motorcycle,banana,heavycannon,motorcycle
trial_160.jpg,tablelamp,trafficcone,banana,sailboat
trial_161.jpg,trafficcone,trex,slrcamera,donut
trial_162.jpg,guitar,tablelamp,car,chair
trial_163.jpg,heavycannon,sailboat,slrcamera,fish
trial_164.jpg,chair,doorknob,person,doorknob
trial_165.jpg,piano,handgun,trex,trafficcone
trial_166.jpg,guitar,trex,handgun,donut
trial_167.jpg,car,stapler,heavycannon,fish
trial_168.jpg,piano,car,motorcycle,heavycannon
trial_169.jpg,car,stapler,stapler,sailboat
trial_170.jpg,slrcamera,donut,layercake,trex
trial_171.jpg,motorcycle,stapler,trafficcone,motorcycle
trial_172.jpg,doorknob,trex,guitar,tablelamp
trial_173.jpg,fish,piano,handgun,person
trial_174.jpg,chair,banana,trex,sailboat
trial_175.jpg,piano,elephant,elephant,layercake
trial_176.jpg,chair,elephant,banana,layercake
trial_177.jpg,slrcamera,layercake,donut,handgun
trial_178.jpg,donut,motorcycle,tablelamp,person
trial_179.jpg,guitar,piano,motorcycle,heavycannon
trial_180.jpg,fish,tablelamp,motorcycle,stapler
trial_181.jpg,car,stapler,doorknob,trafficcone
trial_182.jpg,person,guitar,person,sailboat
trial_183.jpg,handgun,car,fish,elephant
trial_184.jpg,motorcycle,donut,stapler,motorcycle
trial_185.jpg,stapler,tablelamp,banana,trex
trial_186.jpg,motorcycle,car,trafficcone,doorknob
trial_187.jpg,fish,piano,chair,person
trial_188.jpg,layercake,sailboat,guitar,slrcamera
trial_189.jpg,slrcamera,elephant,trex,heavycannon
trial_190.jpg,guitar,person,sailboat,piano
trial_191.jpg,car,handgun,chair,doorknob
trial_192.jpg,car,heavycannon,piano,person
trial_193.jpg,heavycannon,stapler,elephant,donut
trial_194.jpg,doorknob,tablelamp,trafficcone,banana
trial_195.jpg,handgun,sailboat,fish,slrcamera
trial_196.jpg,tablelamp,person,motorcycle,chair
trial_197.jpg,sailboat,trafficcone,slrcamera,car
trial_198.jpg,fish,guitar,handgun,donut
trial_199.jpg,heavycannon,motorcycle,elephant,person
trial_200.jpg,sailboat,layercake,tablelamp,trafficcone
trial_201.jpg,stapler,donut,sailboat,trex
trial_202.jpg,heavycannon,stapler,handgun,fish
trial_203.jpg,heavycannon,chair,sailboat,layercake
trial_204.jpg,motorcycle,layercake,car,stapler
trial_205.jpg,slrcamera,fish,guitar,piano
trial_206.jpg,doorknob,trex,tablelamp,guitar
trial_207.jpg,car,banana,donut,handgun
trial_208.jpg,layercake,trex,sailboat,slrcamera
trial_209.jpg,trex,trafficcone,trafficcone,tablelamp
trial_210.jpg,heavycannon,car,banana,donut
trial_211.jpg,motorcycle,heavycannon,guitar,elephant
trial_212.jpg,sailboat,banana,fish,stapler
trial_213.jpg,car,person,slrcamera,fish
trial_214.jpg,layercake,piano,heavycannon,car
trial_215.jpg,car,heavycannon,heavycannon,sailboat
trial_216.jpg,elephant,slrcamera,motorcycle,chair
trial_217.jpg,slrcamera,trex,tablelamp,guitar
trial_218.jpg,layercake,banana,slrcamera,tablelamp
trial_219.jpg,guitar,tablelamp,elephant,guitar
trial_220.jpg,chair,layercake,banana,sailboat
trial_221.jpg,piano,sailboat,tablelamp,guitar
trial_222.jpg,heavycannon,motorcycle,stapler,person
trial_223.jpg,heavycannon,handgun,elephant,fish
trial_224.jpg,doorknob,chair,donut,trafficcone
trial_225.jpg,doorknob,chair,car,fish
trial_226.jpg,heavycannon,motorcycle,doorknob,motorcycle
trial_227.jpg,slrcamera,piano,donut,sailboat
trial_228.jpg,slrcamera,motorcycle,fish,piano
trial_229.jpg,elephant,car,trafficcone,banana
trial_230.jpg,chair,guitar,tablelamp,person
trial_231.jpg,guitar,person,handgun,tablelamp
trial_232.jpg,fish,slrcamera,fish,heavycannon
trial_233.jpg,car,heavycannon,piano,doorknob
trial_234.jpg,stapler,layercake,guitar,person
trial_235.jpg,fish,piano,trafficcone,person
trial_236.jpg,motorcycle,car,slrcamera,handgun
trial_237.jpg,handgun,donut,sailboat,elephant
trial_238.jpg,layercake,heavycannon,doorknob,handgun
trial_239.jpg,slrcamera,piano,guitar,donut
trial_240.jpg,doorknob,trex,doorknob,chair
trial_241.jpg,tablelamp,guitar,fish,chair
trial_242.jpg,piano,person,person,tablelamp
trial_243.jpg,tablelamp,motorcycle,heavycannon,car
trial_244.jpg,guitar,motorcycle,fish,piano
trial_245.jpg,trafficcone,layercake,layercake,fish
trial_246.jpg,tablelamp,banana,slrcamera,fish
trial_247.jpg,sailboat,trafficcone,heavycannon,doorknob
trial_248.jpg,heavycannon,car,car,handgun
trial_249.jpg,tablelamp,guitar,elephant,trafficcone
trial_250.jpg,motorcycle,car,person,piano
trial_251.jpg,stapler,donut,car,stapler
trial_252.jpg,chair,slrcamera,person,tablelamp
trial_253.jpg,piano,trafficcone,tablelamp,person
trial_254.jpg,car,elephant,motorcycle,heavycannon
trial_255.jpg,fish,trex,motorcycle,car
trial_256.jpg,guitar,slrcamera,elephant,fish
trial_257.jpg,handgun,stapler,trex,banana
trial_258.jpg,trex,banana,banana,chair
trial_259.jpg,piano,fish,sailboat,donut
trial_260.jpg,motorcycle,layercake,trex,banana
trial_261.jpg,layercake,trafficcone,doorknob,heavycannon
trial_262.jpg,chair,doorknob,handgun,elephant
trial_263.jpg,guitar,sailboat,sailboat,trex
trial_264.jpg,chair,doorknob,chair,trex
trial_265.jpg,fish,person,banana,trex
trial_266.jpg,car,doorknob,car,stapler
trial_267.jpg,layercake,donut,banana,trex
trial_268.jpg,heavycannon,piano,motorcycle,heavycannon
trial_269.jpg,sailboat,layercake,stapler,banana
trial_270.jpg,motorcycle,slrcamera,slrcamera,elephant
trial_271.jpg,trafficcone,tablelamp,guitar,person
trial_272.jpg,guitar,slrcamera,stapler,heavycannon
trial_273.jpg,banana,trex,stapler,trex
trial_274.jpg,donut,motorcycle,elephant,fish
trial_275.jpg,chair,banana,elephant,slrcamera
trial_276.jpg,fish,handgun,person,guitar
trial_277.jpg,elephant,person,handgun,donut
trial_278.jpg,guitar,person,tablelamp,trafficcone
trial_279.jpg,banana,layercake,sailboat,piano
trial_280.jpg,layercake,doorknob,fish,slrcamera
trial_281.jpg,slrcamera,person,tablelamp,person
trial_282.jpg,tablelamp,trex,trex,layercake
trial_283.jpg,piano,elephant,trafficcone,guitar
trial_284.jpg,piano,slrcamera,fish,layercake
trial_285.jpg,chair,sailboat,doorknob,handgun
trial_286.jpg,slrcamera,elephant,handgun,car
trial_287.jpg,banana,piano,tablelamp,person
trial_288.jpg,doorknob,elephant,fish,slrcamera
trial_289.jpg,stapler,donut,car,heavycannon
trial_290.jpg,heavycannon,car,doorknob,trafficcone
trial_291.jpg,tablelamp,guitar,person,elephant
trial_292.jpg,heavycannon,layercake,slrcamera,piano
trial_293.jpg,guitar,person,piano,guitar
trial_294.jpg,slrcamera,car,person,tablelamp
trial_295.jpg,sailboat,handgun,trafficcone,banana
trial_296.jpg,stapler,donut,car,motorcycle
trial_297.jpg,motorcycle,tablelamp,elephant,slrcamera
trial_298.jpg,fish,chair,piano,fish
trial_299.jpg,person,guitar,fish,chair
trial_300.jpg,fish,slrcamera,person,trafficcone
trial_301.jpg,layercake,handgun,trex,trafficcone
trial_302.jpg,person,guitar,guitar,stapler
trial_303.jpg,person,guitar,banana,doorknob
trial_304.jpg,person,guitar,motorcycle,sailboat
trial_305.jpg,slrcamera,elephant,elephant,tablelamp
trial_306.jpg,heavycannon,trex,sailboat,trex
trial_307.jpg,donut,car,fish,piano
trial_308.jpg,chair,person,person,guitar
trial_309.jpg,banana,trex,fish,banana
trial_310.jpg,handgun,heavycannon,motorcycle,car
trial_311.jpg,handgun,doorknob,motorcycle,tablelamp
trial_312.jpg,elephant,fish,car,doorknob
trial_313.jpg,elephant,trafficcone,fish,slrcamera
trial_314.jpg,car,heavycannon,slrcamera,stapler
trial_315.jpg,guitar,person,guitar,piano
trial_316.jpg,layercake,donut,motorcycle,stapler
trial_317.jpg,handgun,car,tablelamp,person
trial_318.jpg,layercake,donut,stapler,motorcycle
trial_319.jpg,stapler,piano,slrcamera,elephant
trial_320.jpg,guitar,person,trafficcone,tablelamp
trial_321.jpg,layercake,banana,chair,banana
trial_322.jpg,fish,sailboat,banana,sailboat
trial_323.jpg,doorknob,guitar,person,tablelamp
trial_324.jpg,handgun,donut,trex,heavycannon
trial_325.jpg,motorcycle,person,banana,layercake
trial_326.jpg,fish,sailboat,doorknob,handgun
trial_327.jpg,person,layercake,trex,layercake
trial_328.jpg,heavycannon,motorcycle,donut,trafficcone
trial_329.jpg,guitar,tablelamp,handgun,trex
trial_330.jpg,slrcamera,motorcycle,trafficcone,banana
trial_331.jpg,guitar,chair,banana,trafficcone
trial_332.jpg,piano,car,fish,slrcamera
trial_333.jpg,tablelamp,elephant,chair,doorknob
trial_334.jpg,heavycannon,banana,fish,piano
trial_335.jpg,stapler,doorknob,motorcycle,stapler
trial_336.jpg,doorknob,handgun,chair,sailboat
trial_337.jpg,guitar,heavycannon,elephant,piano
trial_338.jpg,motorcycle,car,car,slrcamera
trial_339.jpg,car,heavycannon,handgun,trafficcone
trial_340.jpg,tablelamp,elephant,motorcycle,heavycannon
trial_341.jpg,layercake,doorknob,slrcamera,fish
trial_342.jpg,trex,fish,chair,handgun
trial_343.jpg,tablelamp,guitar,person,piano
trial_344.jpg,donut,banana,elephant,fish
trial_345.jpg,car,trafficcone,donut,chair
trial_346.jpg,tablelamp,sailboat,guitar,person
trial_347.jpg,motorcycle,layercake,trafficcone,banana
trial_348.jpg,donut,fish,layercake,trafficcone
trial_349.jpg,elephant,guitar,fish,slrcamera
trial_350.jpg,handgun,doorknob,person,chair
trial_351.jpg,tablelamp,guitar,tablelamp,elephant
trial_352.jpg,car,banana,car,heavycannon
trial_353.jpg,trafficcone,chair,car,heavycannon
trial_354.jpg,doorknob,layercake,motorcycle,car
trial_355.jpg,car,motorcycle,person,sailboat
trial_356.jpg,piano,fish,motorcycle,trex
trial_357.jpg,car,stapler,guitar,slrcamera
trial_358.jpg,doorknob,chair,guitar,handgun
trial_359.jpg,piano,trafficcone,heavycannon,stapler
trial_360.jpg,heavycannon,car,fish,chair
trial_361.jpg,banana,trex,motorcycle,doorknob
trial_362.jpg,sailboat,trex,slrcamera,heavycannon
trial_363.jpg,donut,sailboat,heavycannon,motorcycle
trial_364.jpg,car,person,doorknob,donut
trial_365.jpg,guitar,tablelamp,elephant,stapler
trial_366.jpg,banana,sailboat,trex,tablelamp
trial_367.jpg,handgun,doorknob,donut,tablelamp
trial_368.jpg,stapler,motorcycle,trex,piano
trial_369.jpg,elephant,guitar,person,guitar
trial_370.jpg,chair,heavycannon,motorcycle,heavycannon
trial_371.jpg,car,stapler,stapler,trafficcone
trial_372.jpg,fish,person,donut,handgun
trial_373.jpg,sailboat,doorknob,trex,layercake
trial_374.jpg,banana,slrcamera,guitar,tablelamp
trial_375.jpg,donut,handgun,handgun,layercake
trial_376.jpg,car,doorknob,tablelamp,person
trial_377.jpg,layercake,donut,heavycannon,stapler
trial_378.jpg,sailboat,slrcamera,donut,doorknob
trial_379.jpg,banana,stapler,person,guitar
trial_380.jpg,fish,slrcamera,motorcycle,guitar
trial_381.jpg,chair,elephant,person,tablelamp
trial_382.jpg,heavycannon,tablelamp,stapler,motorcycle
trial_383.jpg,fish,person,car,stapler
trial_384.jpg,guitar,tablelamp,trex,piano
trial_385.jpg,trafficcone,trex,handgun,trafficcone
trial_386.jpg,tablelamp,car,tablelamp,guitar
trial_387.jpg,stapler,heavycannon,piano,heavycannon
trial_388.jpg,person,trafficcone,motorcycle,heavycannon
trial_389.jpg,chair,motorcycle,tablelamp,guitar
trial_390.jpg,fish,handgun,handgun,chair
trial_391.jpg,person,tablelamp,stapler,doorknob
trial_392.jpg,donut,elephant,sailboat,layercake
trial_393.jpg,guitar,person,guitar,banana
trial_394.jpg,person,tablelamp,trex,slrcamera
trial_395.jpg,stapler,handgun,doorknob,handgun
trial_396.jpg,tablelamp,heavycannon,layercake,trafficcone
trial_397.jpg,car,motorcycle,doorknob,sailboat
trial_398.jpg,trex,sailboat,car,person
trial_399.jpg,motorcycle,layercake,sailboat,layercake
trial_400.jpg,fish,piano,trex,fish
trial_401.jpg,banana,piano,banana,trex
trial_402.jpg,layercake,trex,slrcamera,trafficcone
trial_403.jpg,person,guitar,elephant,donut
trial_404.jpg,guitar,chair,layercake,banana
trial_405.jpg,sailboat,fish,fish,slrcamera
trial_406.jpg,trex,sailboat,banana,elephant
trial_407.jpg,chair,car,tablelamp,person
trial_408.jpg,tablelamp,doorknob,chair,donut
trial_409.jpg,trex,motorcycle,piano,fish
trial_410.jpg,person,donut,motorcycle,heavycannon
trial_411.jpg,guitar,trafficcone,slrcamera,piano
trial_412.jpg,doorknob,chair,slrcamera,stapler
trial_413.jpg,heavycannon,layercake,slrcamera,fish
trial_414.jpg,trafficcone,sailboat,piano,handgun
trial_415.jpg,person,guitar,guitar,handgun
trial_416.jpg,fish,slrcamera,doorknob,slrcamera
trial_417.jpg,layercake,trex,trex,person
trial_418.jpg,elephant,slrcamera,chair,elephant
trial_419.jpg,banana,trex,car,donut
trial_420.jpg,motorcycle,banana,piano,slrcamera
trial_421.jpg,car,motorcycle,trafficcone,stapler
trial_422.jpg,tablelamp,fish,doorknob,chair
trial_423.jpg,stapler,car,piano,heavycannon
trial_424.jpg,guitar,person,handgun,tablelamp
trial_425.jpg,elephant,slrcamera,elephant,doorknob
trial_426.jpg,donut,handgun,trex,chair
trial_427.jpg,sailboat,trex,slrcamera,heavycannon
trial_428.jpg,heavycannon,car,piano,guitar
trial_429.jpg,handgun,chair,sailboat,person
trial_430.jpg,chair,doorknob,banana,car
trial_431.jpg,chair,doorknob,donut,fish
trial_432.jpg,chair,doorknob,slrcamera,trafficcone
trial_433.jpg,trex,banana,motorcycle,doorknob
trial_434.jpg,guitar,tablelamp,trex,person
trial_435.jpg,handgun,banana,stapler,motorcycle
trial_436.jpg,guitar,donut,trafficcone,layercake
trial_437.jpg,stapler,motorcycle,car,chair
trial_438.jpg,tablelamp,person,sailboat,piano
trial_439.jpg,elephant,stapler,fish,slrcamera
trial_440.jpg,fish,layercake,handgun,chair
trial_441.jpg,heavycannon,tablelamp,donut,doorknob
trial_442.jpg,stapler,heavycannon,donut,slrcamera
trial_443.jpg,motorcycle,elephant,trafficcone,banana
trial_444.jpg,heavycannon,trex,sailboat,trex
trial_445.jpg,stapler,doorknob,banana,trex
trial_446.jpg,car,stapler,car,piano
trial_447.jpg,chair,handgun,trafficcone,tablelamp
trial_448.jpg,layercake,guitar,slrcamera,fish
trial_449.jpg,motorcycle,car,handgun,person
trial_450.jpg,tablelamp,person,chair,banana
trial_451.jpg,fish,sailboat,doorknob,donut
trial_452.jpg,trafficcone,layercake,fish,motorcycle
trial_453.jpg,car,chair,layercake,trafficcone
trial_454.jpg,car,stapler,handgun,sailboat
trial_455.jpg,car,heavycannon,layercake,slrcamera
trial_456.jpg,person,tablelamp,elephant,trafficcone
trial_457.jpg,banana,stapler,car,stapler
trial_458.jpg,trex,person,car,motorcycle
trial_459.jpg,trex,banana,piano,heavycannon
trial_460.jpg,piano,car,tablelamp,person
trial_461.jpg,guitar,chair,donut,chair
trial_462.jpg,elephant,handgun,guitar,person
trial_463.jpg,donut,doorknob,stapler,doorknob
trial_464.jpg,motorcycle,layercake,tablelamp,guitar
trial_465.jpg,piano,slrcamera,heavycannon,banana
trial_466.jpg,elephant,slrcamera,donut,trex
trial_467.jpg,person,guitar,tablelamp,slrcamera
trial_468.jpg,fish,person,guitar,tablelamp
trial_469.jpg,sailboat,fish,motorcycle,car
trial_470.jpg,handgun,chair,guitar,banana
trial_471.jpg,handgun,chair,motorcycle,tablelamp
trial_472.jpg,heavycannon,layercake,trafficcone,sailboat
trial_473.jpg,slrcamera,fish,donut,piano
trial_474.jpg,doorknob,person,doorknob,handgun
trial_475.jpg,trex,chair,sailboat,layercake
trial_476.jpg,trafficcone,slrcamera,chair,donut
trial_477.jpg,handgun,elephant,guitar,tablelamp
trial_478.jpg,stapler,handgun,piano,slrcamera
trial_479.jpg,sailboat,fish,doorknob,donut
trial_480.jpg,elephant,fish,motorcycle,doorknob
trial_481.jpg,trex,slrcamera,elephant,fish
trial_482.jpg,donut,handgun,tablelamp,car
trial_483.jpg,guitar,chair,elephant,fish
trial_484.jpg,piano,fish,piano,heavycannon
trial_485.jpg,doorknob,donut,banana,donut
trial_486.jpg,elephant,person,guitar,person
trial_487.jpg,motorcycle,banana,elephant,piano
trial_488.jpg,stapler,trafficcone,doorknob,chair
trial_489.jpg,heavycannon,elephant,chair,handgun
trial_490.jpg,tablelamp,guitar,trex,car
trial_491.jpg,sailboat,banana,layercake,chair
trial_492.jpg,sailboat,layercake,sailboat,tablelamp
trial_493.jpg,donut,piano,handgun,donut
trial_494.jpg,doorknob,handgun,fish,banana
trial_495.jpg,tablelamp,guitar,guitar,donut
trial_496.jpg,person,guitar,doorknob,person
trial_497.jpg,guitar,tablelamp,piano,chair
trial_498.jpg,elephant,car,layercake,sailboat
trial_499.jpg,stapler,handgun,trex,layercake
trial_500.jpg,trex,banana,slrcamera,sailboat
trial_501.jpg,trafficcone,tablelamp,trex,trafficcone
trial_502.jpg,doorknob,person,chair,donut
trial_503.jpg,heavycannon,stapler,trex,chair
trial_504.jpg,guitar,handgun,tablelamp,person
trial_505.jpg,car,motorcycle,tablelamp,piano
trial_506.jpg,slrcamera,sailboat,guitar,tablelamp
trial_507.jpg,layercake,elephant,car,motorcycle
trial_508.jpg,fish,donut,guitar,tablelamp
trial_509.jpg,heavycannon,motorcycle,donut,slrcamera
trial_510.jpg,layercake,chair,handgun,donut
trial_511.jpg,handgun,chair,heavycannon,trafficcone
trial_512.jpg,donut,chair,tablelamp,banana
trial_513.jpg,elephant,slrcamera,trex,motorcycle
trial_514.jpg,person,guitar,sailboat,car
trial_515.jpg,person,guitar,person,fish
trial_516.jpg,trex,banana,guitar,stapler
trial_517.jpg,motorcycle,heavycannon,heavycannon,person
trial_518.jpg,handgun,stapler,elephant,piano
trial_519.jpg,slrcamera,fish,motorcycle,elephant
trial_520.jpg,tablelamp,chair,guitar,person
trial_521.jpg,guitar,tablelamp,slrcamera,guitar
trial_522.jpg,trafficcone,donut,heavycannon,car
trial_523.jpg,heavycannon,motorcycle,layercake,fish
trial_524.jpg,piano,car,car,stapler
trial_525.jpg,trex,doorknob,motorcycle,heavycannon
trial_526.jpg,heavycannon,guitar,trafficcone,layercake
trial_527.jpg,car,motorcycle,trafficcone,fish
trial_528.jpg,layercake,elephant,elephant,fish
trial_529.jpg,banana,donut,elephant,piano
trial_530.jpg,piano,chair,piano,slrcamera
trial_531.jpg,motorcycle,car,motorcycle,trex
trial_532.jpg,fish,piano,sailboat,slrcamera
trial_533.jpg,elephant,stapler,heavycannon,motorcycle
trial_534.jpg,layercake,trafficcone,trafficcone,fish
trial_535.jpg,doorknob,handgun,person,motorcycle
trial_536.jpg,layercake,tablelamp,motorcycle,stapler
trial_537.jpg,piano,banana,donut,chair
trial_538.jpg,donut,handgun,heavycannon,guitar
trial_539.jpg,fish,piano,sailboat,slrcamera
trial_540.jpg,heavycannon,motorcycle,trex,car
trial_541.jpg,person,chair,car,stapler
trial_542.jpg,slrcamera,elephant,elephant,banana
trial_543.jpg,slrcamera,piano,doorknob,trex
trial_544.jpg,fish,slrcamera,stapler,donut
trial_545.jpg,handgun,heavycannon,tablelamp,guitar
trial_546.jpg,trafficcone,car,tablelamp,guitar
trial_547.jpg,motorcycle,guitar,trafficcone,trex
trial_548.jpg,elephant,fish,tablelamp,layercake
trial_549.jpg,elephant,fish,fish,sailboat
trial_550.jpg,donut,chair,doorknob,guitar
trial_551.jpg,banana,heavycannon,trafficcone,trex
trial_552.jpg,tablelamp,person,car,person
trial_553.jpg,trex,slrcamera,guitar,person
trial_554.jpg,guitar,person,donut,fish
trial_555.jpg,person,tablelamp,layercake,piano
trial_556.jpg,elephant,slrcamera,elephant,tablelamp
trial_557.jpg,handgun,trex,trafficcone,banana
trial_558.jpg,slrcamera,guitar,motorcycle,stapler
trial_559.jpg,heavycannon,piano,elephant,fish
trial_560.jpg,tablelamp,fish,stapler,car
trial_561.jpg,person,trafficcone,chair,handgun
trial_562.jpg,stapler,motorcycle,banana,elephant
trial_563.jpg,guitar,tablelamp,chair,motorcycle
trial_564.jpg,motorcycle,car,person,stapler
trial_565.jpg,elephant,slrcamera,elephant,motorcycle
trial_566.jpg,heavycannon,doorknob,elephant,fish
trial_567.jpg,layercake,trafficcone,car,guitar
trial_568.jpg,chair,doorknob,fish,layercake
trial_569.jpg,slrcamera,sailboat,tablelamp,guitar
trial_570.jpg,banana,donut,guitar,person
trial_571.jpg,piano,slrcamera,piano,handgun
trial_572.jpg,heavycannon,stapler,chair,tablelamp
trial_573.jpg,slrcamera,heavycannon,banana,trex
trial_574.jpg,fish,doorknob,slrcamera,elephant
trial_575.jpg,elephant,motorcycle,trafficcone,banana
trial_576.jpg,trafficcone,donut,guitar,tablelamp
trial_577.jpg,guitar,chair,elephant,slrcamera
trial_578.jpg,heavycannon,car,stapler,tablelamp
trial_579.jpg,person,piano,handgun,chair
trial_580.jpg,car,handgun,elephant,fish
trial_581.jpg,trafficcone,person,motorcycle,car
trial_582.jpg,stapler,heavycannon,elephant,doorknob
trial_583.jpg,donut,handgun,slrcamera,guitar
trial_584.jpg,piano,stapler,elephant,slrcamera
trial_585.jpg,donut,fish,chair,donut
trial_586.jpg,guitar,person,tablelamp,chair
trial_587.jpg,handgun,trex,stapler,car
trial_588.jpg,sailboat,motorcycle,car,stapler
trial_589.jpg,piano,donut,layercake,banana
trial_590.jpg,layercake,trafficcone,trex,person
trial_591.jpg,trafficcone,slrcamera,guitar,person
trial_592.jpg,fish,motorcycle,tablelamp,guitar
trial_593.jpg,banana,chair,chair,handgun
trial_594.jpg,car,guitar,layercake,sailboat
trial_595.jpg,heavycannon,handgun,person,guitar
trial_596.jpg,trafficcone,banana,elephant,tablelamp
trial_597.jpg,piano,elephant,doorknob,stapler
trial_598.jpg,tablelamp,car,elephant,fish
trial_599.jpg,handgun,doorknob,person,donut
trial_600.jpg,person,tablelamp,slrcamera,doorknob
trial_601.jpg,fish,trafficcone,guitar,tablelamp
trial_602.jpg,elephant,trex,person,guitar
trial_603.jpg,sailboat,heavycannon,handgun,doorknob
trial_604.jpg,person,guitar,motorcycle,banana
trial_605.jpg,stapler,chair,car,stapler
trial_606.jpg,handgun,piano,fish,slrcamera
trial_607.jpg,handgun,donut,layercake,guitar
trial_608.jpg,piano,donut,guitar,person
trial_609.jpg,fish,trex,guitar,tablelamp
trial_610.jpg,tablelamp,layercake,fish,piano
trial_611.jpg,elephant,doorknob,doorknob,donut
trial_612.jpg,stapler,handgun,tablelamp,person
trial_613.jpg,slrcamera,elephant,banana,guitar
trial_614.jpg,elephant,piano,trafficcone,slrcamera
trial_615.jpg,piano,fish,sailboat,chair
trial_616.jpg,stapler,motorcycle,person,motorcycle
trial_617.jpg,trex,sailboat,person,motorcycle
trial_618.jpg,doorknob,fish,heavycannon,stapler
trial_619.jpg,donut,stapler,piano,slrcamera
trial_620.jpg,layercake,tablelamp,stapler,motorcycle
trial_621.jpg,car,banana,guitar,person
trial_622.jpg,person,guitar,chair,trex
trial_623.jpg,piano,slrcamera,piano,heavycannon
trial_624.jpg,motorcycle,car,handgun,guitar
trial_625.jpg,doorknob,donut,doorknob,stapler
trial_626.jpg,doorknob,chair,elephant,banana
trial_627.jpg,piano,motorcycle,car,stapler
trial_628.jpg,chair,sailboat,fish,piano
trial_629.jpg,trafficcone,banana,heavycannon,handgun
trial_630.jpg,slrcamera,fish,trafficcone,tablelamp
trial_631.jpg,trex,donut,guitar,tablelamp
trial_632.jpg,fish,guitar,handgun,doorknob
trial_633.jpg,doorknob,handgun,car,person
trial_634.jpg,layercake,slrcamera,banana,trex
trial_635.jpg,motorcycle,stapler,doorknob,stapler
trial_636.jpg,piano,slrcamera,donut,trex
trial_637.jpg,doorknob,chair,layercake,slrcamera
trial_638.jpg,elephant,tablelamp,fish,piano
trial_639.jpg,guitar,trafficcone,stapler,car
trial_640.jpg,elephant,slrcamera,fish,sailboat
trial_641.jpg,chair,doorknob,heavycannon,handgun
trial_642.jpg,person,motorcycle,donut,handgun
trial_643.jpg,handgun,doorknob,banana,car
trial_644.jpg,car,heavycannon,chair,piano
trial_645.jpg,slrcamera,elephant,stapler,piano
trial_646.jpg,slrcamera,elephant,slrcamera,chair
trial_647.jpg,guitar,tablelamp,fish,car
trial_648.jpg,heavycannon,handgun,handgun,chair
trial_649.jpg,motorcycle,car,doorknob,banana
trial_650.jpg,layercake,tablelamp,chair,donut
trial_651.jpg,sailboat,elephant,donut,doorknob
trial_652.jpg,person,trex,person,guitar
trial_653.jpg,motorcycle,donut,sailboat,trafficcone
trial_654.jpg,trafficcone,guitar,trex,layercake
trial_655.jpg,trafficcone,car,trafficcone,layercake
trial_656.jpg,trex,trafficcone,piano,tablelamp
trial_657.jpg,guitar,person,fish,banana
trial_658.jpg,elephant,motorcycle,layercake,banana
trial_659.jpg,handgun,guitar,person,guitar
trial_660.jpg,donut,chair,doorknob,layercake
trial_661.jpg,slrcamera,stapler,car,motorcycle
trial_662.jpg,heavycannon,chair,heavycannon,stapler
trial_663.jpg,person,donut,donut,doorknob
trial_664.jpg,tablelamp,guitar,doorknob,motorcycle
trial_665.jpg,fish,chair,motorcycle,car
trial_666.jpg,handgun,elephant,doorknob,handgun
trial_667.jpg,guitar,person,heavycannon,slrcamera
trial_668.jpg,donut,handgun,trex,stapler
trial_669.jpg,donut,doorknob,layercake,piano
trial_670.jpg,person,tablelamp,donut,banana
trial_671.jpg,car,trafficcone,tablelamp,person
trial_672.jpg,motorcycle,stapler,tablelamp,sailboat
trial_673.jpg,guitar,handgun,doorknob,handgun
trial_674.jpg,slrcamera,tablelamp,piano,slrcamera
trial_675.jpg,banana,trafficcone,motorcycle,piano
trial_676.jpg,stapler,heavycannon,trafficcone,doorknob
trial_677.jpg,car,stapler,elephant,heavycannon
trial_678.jpg,chair,fish,car,motorcycle
trial_679.jpg,stapler,trex,doorknob,handgun
trial_680.jpg,car,stapler,car,donut
trial_681.jpg,doorknob,donut,person,sailboat
trial_682.jpg,heavycannon,stapler,donut,elephant
trial_683.jpg,fish,elephant,handgun,guitar
trial_684.jpg,stapler,slrcamera,fish,piano
trial_685.jpg,trex,heavycannon,doorknob,donut
trial_686.jpg,layercake,tablelamp,car,heavycannon
trial_687.jpg,motorcycle,piano,layercake,trex
trial_688.jpg,banana,car,slrcamera,elephant
trial_689.jpg,doorknob,sailboat,chair,donut
trial_690.jpg,sailboat,banana,person,fish
trial_691.jpg,trafficcone,chair,tablelamp,guitar
trial_692.jpg,doorknob,car,trafficcone,banana
trial_693.jpg,piano,trex,car,motorcycle
trial_694.jpg,trafficcone,sailboat,heavycannon,banana
trial_695.jpg,person,chair,banana,trafficcone
trial_696.jpg,piano,elephant,slrcamera,layercake
trial_697.jpg,donut,chair,donut,trafficcone
trial_698.jpg,handgun,tablelamp,guitar,person
trial_699.jpg,handgun,donut,stapler,sailboat
trial_700.jpg,guitar,person,motorcycle,fish
trial_701.jpg,elephant,guitar,trafficcone,banana
trial_702.jpg,guitar,tablelamp,piano,stapler
trial_703.jpg,doorknob,handgun,donut,guitar
trial_704.jpg,fish,motorcycle,trex,banana
trial_705.jpg,motorcycle,heavycannon,heavycannon,trafficcone
trial_706.jpg,chair,donut,chair,car
trial_707.jpg,slrcamera,donut,person,tablelamp
trial_708.jpg,stapler,guitar,person,guitar
trial_709.jpg,handgun,trex,guitar,tablelamp
trial_710.jpg,piano,elephant,sailboat,tablelamp
trial_711.jpg,elephant,person,donut,doorknob
trial_712.jpg,doorknob,chair,banana,heavycannon
trial_713.jpg,motorcycle,piano,banana,trafficcone
trial_714.jpg,donut,doorknob,car,fish
trial_715.jpg,handgun,layercake,slrcamera,fish
trial_716.jpg,fish,elephant,car,person
trial_717.jpg,sailboat,slrcamera,tablelamp,person
trial_718.jpg,tablelamp,doorknob,person,guitar
trial_719.jpg,car,heavycannon,fish,stapler
trial_720.jpg,guitar,elephant,sailboat,trex
trial_721.jpg,layercake,sailboat,donut,trafficcone
trial_722.jpg,piano,chair,layercake,banana
trial_723.jpg,guitar,person,slrcamera,tablelamp
trial_724.jpg,doorknob,trex,tablelamp,person
trial_725.jpg,heavycannon,piano,fish,slrcamera
trial_726.jpg,person,tablelamp,donut,car
trial_727.jpg,person,banana,person,tablelamp
trial_728.jpg,trafficcone,elephant,tablelamp,guitar
trial_729.jpg,trex,banana,handgun,fish
trial_730.jpg,chair,guitar,car,stapler
trial_731.jpg,handgun,layercake,motorcycle,heavycannon
trial_732.jpg,layercake,sailboat,car,slrcamera
trial_733.jpg,trex,heavycannon,layercake,trex
trial_734.jpg,tablelamp,doorknob,chair,donut
trial_735.jpg,banana,motorcycle,tablelamp,person
trial_736.jpg,donut,chair,fish,donut
trial_737.jpg,guitar,trafficcone,elephant,fish
trial_738.jpg,chair,donut,chair,sailboat
trial_739.jpg,elephant,fish,person,stapler
trial_740.jpg,motorcycle,layercake,trafficcone,banana
trial_741.jpg,chair,handgun,trex,guitar
trial_742.jpg,elephant,banana,chair,handgun
trial_743.jpg,doorknob,piano,elephant,fish
trial_744.jpg,slrcamera,piano,tablelamp,handgun
trial_745.jpg,car,motorcycle,fish,sailboat
trial_746.jpg,trafficcone,chair,fish,elephant
trial_747.jpg,elephant,slrcamera,donut,slrcamera
trial_748.jpg,person,heavycannon,tablelamp,guitar
trial_749.jpg,chair,fish,stapler,car
trial_750.jpg,banana,trex,handgun,trafficcone
trial_751.jpg,trex,layercake,car,tablelamp
trial_752.jpg,piano,slrcamera,stapler,donut
trial_753.jpg,banana,trafficcone,sailboat,slrcamera
trial_754.jpg,guitar,piano,chair,donut
trial_755.jpg,person,trex,slrcamera,fish
trial_756.jpg,piano,fish,elephant,doorknob
trial_757.jpg,elephant,fish,motorcycle,person
trial_758.jpg,piano,elephant,tablelamp,sailboat
trial_759.jpg,fish,donut,car,motorcycle
trial_760.jpg,sailboat,trex,elephant,car
trial_761.jpg,layercake,doorknob,elephant,piano
trial_762.jpg,trex,layercake,guitar,trex
trial_763.jpg,handgun,heavycannon,handgun,chair
trial_764.jpg,guitar,person,slrcamera,banana
trial_765.jpg,piano,chair,guitar,tablelamp
trial_766.jpg,stapler,trafficcone,guitar,tablelamp
trial_767.jpg,banana,layercake,motorcycle,donut
trial_768.jpg,trafficcone,sailboat,chair,layercake
trial_769.jpg,person,stapler,person,tablelamp
trial_770.jpg,tablelamp,guitar,tablelamp,piano
trial_771.jpg,guitar,sailboat,donut,chair
trial_772.jpg,doorknob,handgun,heavycannon,banana
trial_773.jpg,elephant,car,stapler,car
trial_774.jpg,piano,layercake,stapler,heavycannon
trial_775.jpg,handgun,doorknob,donut,guitar
trial_776.jpg,motorcycle,car,person,stapler
trial_777.jpg,stapler,car,motorcycle,fish
trial_778.jpg,elephant,piano,slrcamera,trafficcone
trial_779.jpg,donut,handgun,tablelamp,elephant
trial_780.jpg,heavycannon,stapler,banana,heavycannon
trial_781.jpg,chair,car,motorcycle,stapler
trial_782.jpg,sailboat,person,slrcamera,elephant
trial_783.jpg,fish,tablelamp,motorcycle,car
trial_784.jpg,car,stapler,car,elephant
trial_785.jpg,banana,sailboat,piano,guitar
trial_786.jpg,layercake,handgun,trafficcone,banana
trial_787.jpg,tablelamp,person,slrcamera,chair
trial_788.jpg,guitar,person,stapler,banana
trial_789.jpg,guitar,handgun,chair,donut
trial_790.jpg,sailboat,motorcycle,slrcamera,fish
trial_791.jpg,car,fish,trex,layercake
trial_792.jpg,trafficcone,sailboat,doorknob,trex
trial_793.jpg,slrcamera,person,stapler,motorcycle
trial_794.jpg,banana,trex,layercake,elephant
trial_795.jpg,donut,tablelamp,car,stapler
trial_796.jpg,person,guitar,piano,banana
trial_797.jpg,heavycannon,chair,donut,chair
trial_798.jpg,trafficcone,stapler,sailboat,trafficcone
trial_799.jpg,donut,banana,doorknob,handgun
